"DESCRIPTION","DURATION IN MS","NAME","PARENT SUITE","START TIME","STATUS","STOP TIME","SUB SUITE","SUITE","TEST CLASS","TEST METHOD"
"","118","Попытка создания пользователя без тела","api_project","Fri Aug 15 02:48:50 UTC 2025","skipped","Fri Aug 15 02:48:50 UTC 2025","","test_api_basic","",""
"","190","Создание пользователя","api_project","Fri Aug 15 02:48:49 UTC 2025","passed","Fri Aug 15 02:48:49 UTC 2025","","test_api_basic","",""
"","30562","Успешная авторизация","login_project.tests","Fri Aug 15 02:48:51 UTC 2025","broken","Fri Aug 15 02:49:21 UTC 2025","","test_login","",""
"","44","Невалидный ключ доступа","api_project","Fri Aug 15 02:48:50 UTC 2025","skipped","Fri Aug 15 02:48:50 UTC 2025","","test_api_basic","",""
"","94","Получение списка пользователей","api_project","Fri Aug 15 02:48:49 UTC 2025","passed","Fri Aug 15 02:48:49 UTC 2025","","test_api_basic","",""
"","462","Неуспешная авторизация","login_project.tests","Fri Aug 15 02:49:26 UTC 2025","passed","Fri Aug 15 02:49:26 UTC 2025","","test_login","",""
"","193","Удаление пользователя","api_project","Fri Aug 15 02:48:49 UTC 2025","passed","Fri Aug 15 02:48:50 UTC 2025","","test_api_basic","",""
"","206","Обновление пользователя","api_project","Fri Aug 15 02:48:49 UTC 2025","passed","Fri Aug 15 02:48:49 UTC 2025","","test_api_basic","",""
"","215","Обращение к несуществующему ресурсу","api_project","Fri Aug 15 02:48:50 UTC 2025","passed","Fri Aug 15 02:48:50 UTC 2025","","test_api_basic","",""
